<?xml version="1.0"?>
<!DOCTYPE hibernate-mapping PUBLIC "-//Hibernate/Hibernate Mapping DTD 3.0//EN"
"http://www.hibernate.org/dtd/hibernate-mapping-3.0.dtd">

<hibernate-mapping>
    <class name="dataAccessObjects.domain.Company" table="company" catalog="jobssystem" optimistic-lock="version">
        <id name="idCompany" type="java.lang.Integer">
            <column name="idCompany" />
            <generator class="identity" />
        </id>
        <many-to-one name="login" class="dataAccessObjects.domain.Login" fetch="select">
            <column name="Login_idLogin" not-null="true" />
        </many-to-one>
        <property name="name" type="string">
            <column name="name" length="45" />
        </property>
        <property name="description" type="string">
            <column name="description" length="60" />
        </property>
        <property name="phoneNumber" type="string">
            <column name="phoneNumber" length="8" />
        </property>
        <property name="longitude" type="java.lang.Double">
            <column name="longitude" precision="22" scale="0" />
        </property>
        <property name="latitude" type="java.lang.Double">
            <column name="latitude" precision="22" scale="0" />
        </property>
    </class>
</hibernate-mapping>
