<?xml version="1.0"?>
<!DOCTYPE hibernate-mapping PUBLIC "-//Hibernate/Hibernate Mapping DTD 3.0//EN"
"http://www.hibernate.org/dtd/hibernate-mapping-3.0.dtd">

<hibernate-mapping>
    <class name="dataAccessObjects.domain.Login" table="login" catalog="jobssystem" optimistic-lock="version">
        <id name="idLogin" type="java.lang.Integer">
            <column name="idLogin" />
            <generator class="identity" />
        </id>
        <property name="email" type="string">
            <column name="email" length="45" unique="true" />
        </property>
        <property name="password" type="string">
            <column name="password" length="20" />
        </property>
        <property name="type" type="java.lang.Integer">
            <column name="type" />
        </property>
        <property name="enable" type="byte">
            <column name="enable" not-null="true" />
        </property>
    </class>
</hibernate-mapping>
