<?xml version="1.0" encoding="UTF-8"?>
<!DOCTYPE hibernate-mapping PUBLIC "-//Hibernate/Hibernate Mapping DTD 3.0//EN" "http://www.hibernate.org/dtd/hibernate-mapping-3.0.dtd">
<hibernate-mapping>
  <class catalog="jobssystem" name="dataAccessObjects.domain.PositionFeature" optimistic-lock="version" table="positionfeature">
    <id name="idPositionFeature" type="java.lang.Integer">
      <column name="idPositionFeature"/>
      <generator class="identity"/>
    </id>
    <many-to-one class="dataAccessObjects.domain.Feature" fetch="join" name="feature">
      <column name="Feature_idFeature" not-null="true"/>
    </many-to-one>
    <many-to-one class="dataAccessObjects.domain.Position" fetch="select" name="position">
      <column name="Position_idPosition" not-null="true"/>
    </many-to-one>
    <property name="level" type="java.lang.Float">
      <column name="level" precision="22" scale="0"/>
    </property>
  </class>
</hibernate-mapping>
