<?xml version="1.0" encoding="UTF-8"?>
<!DOCTYPE hibernate-reverse-engineering PUBLIC "-//Hibernate/Hibernate Reverse Engineering DTD 3.0//EN" "http://hibernate.sourceforge.net/hibernate-reverse-engineering-3.0.dtd">

<hibernate-reverse-engineering>
  <schema-selection match-catalog="jobssystem"/>
  <table-filter match-name="login"/>
  <table-filter match-name="company"/>
  <table-filter match-name="positionfeature"/>
  <table-filter match-name="offerer"/>
  <table-filter match-name="feature"/>
  <table-filter match-name="offererfeature"/>
  <table-filter match-name="position"/>
</hibernate-reverse-engineering>
